<?xml version="1.0" encoding="UTF-8" ?>
<XMLDB PATH="local/postmansms/db" VERSION="20130407" COMMENT="XMLDB file for local postmansms plugin"
       xmlns:xsi="http://www.w3.org/2001/XMLSchema-instance"
       xsi:noNamespaceSchemaLocation="../../../lib/xmldb/xmldb.xsd"
>
    <TABLES>
        <TABLE NAME="local_postmansms" COMMENT="each record is a sms">
            <FIELDS>
                <FIELD NAME="id" TYPE="int" LENGTH="10" NOTNULL="true" SEQUENCE="true"/>
                <FIELD NAME="tophone1" TYPE="text" NOTNULL="true" SEQUENCE="false"/>
                <FIELD NAME="msgbody" TYPE="text" NOTNULL="true" SEQUENCE="false"/>
                <FIELD NAME="flag" TYPE="int" LENGTH="10" NOTNULL="true" SEQUENCE="false"/>
                <FIELD NAME="trials" TYPE="int" LENGTH="10" NOTNULL="true" SEQUENCE="false"/>
                <FIELD NAME="userid" TYPE="int" LENGTH="10" NOTNULL="true" SEQUENCE="false"/>
                <FIELD NAME="timesent" TYPE="int" LENGTH="10" NOTNULL="true" DEFAULT="0" SEQUENCE="false"/>
            </FIELDS>
            <KEYS>
                <KEY NAME="primary" TYPE="primary" FIELDS="id"/>
            </KEYS>
        </TABLE>
    </TABLES>
</XMLDB>
